Source,Target
3,466
3,460
3,784
5,466
5,460
6,41
6,466
6,498
6,460
6,44
7,5
7,1233
9,460
9,466
9,5
10,8
10,659
10,9
11,9
13,5
13,9
14,5
16,9
16,14
17,9
17,804
17,738
17,12
17,872
17,492
17,10
17,802
17,784
17,14
17,557
17,785
17,493
17,466
17,1253
17,1267
18,659
18,14
18,557
18,7
18,492
18,10
18,466
18,493
18,17
18,9
19,14
20,15
20,17
20,14
20,13
20,9
21,460
21,10
21,11
21,858
21,269
21,14
21,557
21,9
21,6
21,464
21,41
21,268
21,265
21,266
21,17
21,264
21,267
21,44
21,466
23,20
23,14
25,14
25,13
25,9
25,16
26,5
26,17
26,593
26,493
26,353
26,330
26,621
26,371
26,728
26,351
26,557
26,492
26,374
26,16
26,485
29,16
29,19
29,21
29,466
29,492
29,1012
29,10
29,14
29,9
29,18
29,493
29,17
32,493
32,525
32,1232
32,338
32,464
32,492
32,460
32,485
32,466
36,35
36,34
41,460
41,466
42,41
42,466
42,460
44,41
48,659
48,49
49,659
51,630
51,659
52,785
52,49
52,1267
52,106
52,760
52,467
52,466
52,334
52,802
52,286
52,742
52,493
52,1268
52,557
52,784
52,359
52,741
52,659
52,492
55,893
55,264
55,460
55,266
55,265
55,44
55,659
55,269
55,268
55,267
55,41
55,459
55,389
55,892
57,894
57,905
57,390
57,659
57,893
57,459
57,389
61,943
61,894
61,460
67,466
68,67
69,41
69,70
71,70
71,67
71,68
74,72
75,41
76,68
76,67
77,67
78,67
79,68
79,67
80,330
81,80
82,67
87,80
88,87
89,264
89,265
89,267
89,464
89,266
90,72
93,74
94,72
96,41
98,67
100,67
101,67
102,67
103,76
104,67
105,80
105,81
107,76
108,67
109,67
109,492
109,458
109,456
110,67
110,76
110,80
111,102
112,102
113,67
114,87
115,76
116,68
116,110
116,77
116,113
116,82
116,78
116,98
116,101
116,108
116,100
116,67
116,458
116,104
116,79
117,76
117,82
117,79
117,98
117,78
117,68
117,108
117,104
117,103
117,107
117,101
117,100
117,113
117,77
117,67
118,659
119,67
119,113
119,84
121,99
122,493
122,659
122,97
122,76
122,492
122,67
122,466
123,67
124,122
125,67
127,97
127,389
127,659
127,67
127,492
128,122
129,98
129,67
130,485
130,127
130,67
130,125
131,66
132,67
133,122
134,894
134,113
134,68
134,905
134,108
134,98
134,101
134,132
134,104
134,82
134,100
134,67
134,125
134,79
134,77
134,78
134,129
135,66
135,134
135,67
136,118
136,117
136,164
136,166
136,165
136,659
136,389
136,134
136,67
136,892
136,905
136,127
138,122
138,97
138,1238
139,659
139,118
139,51
139,83
140,117
140,67
140,66
142,132
142,67
143,94
143,72
143,90
144,134
144,872
144,82
144,104
144,68
144,108
144,129
144,659
144,493
144,67
144,893
144,492
144,79
144,557
144,266
144,125
144,101
144,132
144,98
144,76
144,113
144,41
144,117
144,1012
144,269
144,136
144,77
144,100
144,159
144,78
144,157
144,746
144,158
144,268
144,459
144,892
145,90
145,94
145,72
145,143
146,67
147,67
148,149
148,134
149,134
149,399
150,117
150,76
150,131
150,66
150,141
151,134
151,894
151,905
151,67
151,122
151,128
151,466
152,117
152,67
152,1101
152,76
153,121
154,134
154,149
154,151
154,67
155,67
155,117
155,1101
155,659
155,1028
155,1223
155,557
155,76
155,1227
155,66
156,359
156,67
156,150
156,389
156,388
156,1101
156,140
156,148
156,66
156,323
156,399
156,76
156,152
156,315
156,117
156,313
156,406
156,134
156,154
156,135
156,286
160,37
160,286
160,460
160,466
161,464
161,466
161,584
161,460
161,32
161,485
161,493
161,525
161,557
161,338
161,492
161,1232
162,784
162,161
162,848
162,478
162,485
162,32
162,460
162,844
162,466
163,41
163,67
163,44
171,37
171,160
173,476
173,492
173,538
173,551
173,493
174,173
174,538
175,563
180,492
187,181
187,492
187,501
187,177
187,618
191,181
191,617
191,607
192,180
192,181
196,183
198,679
199,187
199,557
199,666
199,560
199,196
201,770
202,564
202,709
202,470
202,549
202,550
202,734
209,693
209,715
209,203
209,704
209,610
209,207
209,473
209,558
209,607
209,204
209,620
211,827
211,826
211,659
211,818
211,208
211,845
214,715
214,659
214,210
214,620
214,211
214,693
215,734
215,694
215,617
215,209
215,203
215,703
215,716
215,607
215,659
215,211
219,853
219,212
219,216
221,211
221,215
221,659
222,219
223,659
223,888
223,892
223,902
223,893
230,228
230,203
230,227
232,617
232,620
232,892
232,947
232,607
232,226
232,680
232,958
232,909
232,209
232,906
232,659
233,903
233,230
233,227
233,203
234,903
236,967
236,470
236,734
236,167
236,903
236,983
236,1009
241,659
241,209
241,906
241,892
241,232
241,680
241,607
241,617
247,1009
247,167
247,967
247,1010
247,229
247,983
247,930
247,903
247,236
247,1007
247,470
248,905
248,918
248,968
248,892
248,389
248,894
248,659
248,607
248,1009
252,607
252,894
252,230
252,209
252,617
252,1009
252,241
252,960
252,191
252,947
252,243
253,615
253,466
253,960
253,492
253,614
253,964
253,460
253,246
253,493
254,659
254,214
254,466
254,620
254,1020
254,1017
255,242
255,244
255,245
255,1009
255,492
255,231
255,213
255,650
255,220
255,473
255,466
255,543
255,703
255,475
255,216
255,716
259,894
259,960
261,905
261,467
261,894
261,1021
261,248
262,981
262,620
262,214
262,693
262,241
262,659
262,715
262,1061
262,1032
262,466
262,254
262,1039
262,1049
262,1068
264,267
266,265
266,264
268,460
268,265
268,264
268,267
268,266
269,267
269,264
269,266
269,265
273,659
273,630
274,659
277,276
279,276
283,276
285,276
297,296
308,276
308,38
311,308
311,39
311,38
315,309
315,276
317,314
317,310
318,289
321,305
322,306
322,307
329,328
334,324
334,160
334,37
334,286
338,309
338,466
342,466
342,309
346,276
346,330
346,460
347,325
347,337
347,309
347,314
347,317
347,338
347,345
347,466
348,338
348,325
348,314
348,345
348,337
348,317
348,466
348,309
349,348
349,347
349,337
350,300
350,303
351,294
351,293
351,292
351,291
351,295
351,290
353,292
353,290
353,294
353,295
353,291
353,351
353,293
354,339
354,313
358,323
359,280
359,350
359,281
359,288
359,303
359,304
359,278
359,340
359,302
359,282
360,323
360,535
360,315
360,529
360,358
360,466
361,466
363,348
363,347
363,338
363,337
364,365
364,322
364,332
365,322
365,276
365,338
365,318
365,321
365,348
365,309
365,317
365,332
365,347
365,314
367,315
367,323
368,313
368,323
368,315
368,347
368,362
368,354
368,314
370,553
370,360
370,358
370,367
370,323
370,529
370,315
370,309
371,338
371,353
371,347
372,460
373,326
373,338
373,349
373,309
373,337
373,557
373,363
373,366
373,361
374,343
374,299
374,330
375,460
375,276
376,333
376,363
377,371
377,360
377,348
377,557
377,365
377,493
377,373
377,321
377,364
377,370
377,347
377,322
378,276
379,331
379,341
379,358
379,372
380,348
380,330
380,377
380,297
380,296
380,347
380,301
380,311
380,363
380,368
382,493
382,335
382,492
382,466
386,460
387,286
387,321
387,314
387,380
387,315
387,359
387,318
387,323
387,338
387,365
387,347
389,160
389,359
389,286
389,659
389,388
389,390
390,389
391,466
391,361
391,1268
391,373
391,1267
391,659
391,557
391,388
391,329
391,328
394,388
395,286
395,334
395,338
395,389
395,359
395,326
395,302
395,276
395,388
395,280
395,315
395,460
395,323
399,373
399,321
399,493
399,466
399,557
399,894
399,702
399,918
399,398
399,365
399,905
399,388
399,396
399,387
399,659
399,485
399,492
399,394
403,493
403,387
403,313
403,286
403,905
403,918
403,702
403,338
403,388
403,398
403,334
403,557
403,492
403,321
403,894
403,160
403,315
403,37
403,359
403,389
403,323
403,593
403,466
403,365
403,326
403,399
403,354
403,1012
405,398
405,388
405,276
405,309
406,485
406,702
406,492
406,1012
406,466
406,557
406,309
406,493
407,460
407,493
407,455
407,466
407,492
408,409
410,36
410,35
410,34
415,460
416,460
416,412
419,414
420,413
420,466
420,414
421,413
421,420
422,420
423,466
423,413
424,419
424,41
425,460
425,413
425,414
425,466
426,414
427,420
427,466
431,420
432,414
433,41
433,44
433,424
434,414
434,432
435,414
436,414
437,414
437,466
437,413
437,420
438,430
438,413
438,466
440,527
440,784
440,427
440,729
440,507
440,436
440,801
440,413
440,586
440,414
440,429
440,532
441,413
441,414
441,436
441,432
441,420
441,434
441,427
442,414
442,413
442,466
443,266
443,382
443,413
443,685
443,650
443,268
443,1012
443,427
443,557
443,945
443,438
443,420
443,716
443,41
443,702
443,425
443,269
443,620
443,473
443,440
443,493
443,492
443,593
443,729
443,715
443,437
443,485
443,267
443,265
443,466
443,659
443,607
444,466
444,413
444,414
445,413
445,43
445,424
445,41
445,420
446,43
446,420
446,42
446,413
447,420
447,42
447,43
447,445
447,413
448,441
448,388
448,414
449,420
449,413
449,414
449,1238
449,441
449,466
449,448
450,413
450,485
450,414
450,466
450,448
450,441
450,420
450,1238
451,42
451,413
451,41
451,420
451,43
451,445
452,42
452,43
452,41
452,424
452,420
452,413
453,466
453,445
453,413
453,755
453,420
453,728
458,593
458,456
458,492
458,466
458,676
458,659
458,493
458,98
458,99
458,494
458,67
459,460
461,40
462,40
466,460
467,36
467,468
467,410
468,35
468,34
472,37
475,473
476,263
476,466
478,460
479,466
479,460
480,460
482,466
482,460
484,464
485,482
485,1232
485,460
485,338
485,478
486,466
486,160
486,460
487,469
487,333
489,481
491,463
491,462
491,484
491,461
492,460
492,466
493,460
493,466
494,492
495,478
497,489
497,481
498,481
498,460
498,466
498,477
498,489
498,497
500,484
500,491
500,496
500,464
500,40
500,495
500,463
500,461
500,462
501,492
501,476
501,460
501,478
501,485
501,466
501,482
501,499
501,493
507,501
507,466
507,493
507,476
507,460
507,492
508,460
511,485
511,466
512,485
513,509
513,485
514,460
514,466
517,492
517,466
517,483
517,493
517,505
519,485
520,498
520,503
520,460
521,466
521,460
521,514
521,485
525,485
525,464
525,460
525,478
525,500
525,466
531,522
531,517
531,528
531,529
531,524
531,516
532,460
532,466
532,493
532,492
532,507
532,537
532,476
533,466
533,460
534,478
534,492
534,524
534,501
534,503
534,493
534,460
534,466
536,508
537,469
537,476
537,501
537,492
537,460
537,466
537,507
537,493
537,487
539,508
539,536
542,485
542,482
542,466
542,460
543,473
543,475
543,523
543,533
544,466
544,460
544,539
544,525
544,485
546,466
547,460
547,493
547,466
547,492
549,515
549,470
549,533
549,169
549,168
549,170
550,470
552,547
554,476
554,545
554,551
554,538
554,173
554,174
556,466
556,546
557,493
557,499
557,492
557,466
557,460
560,555
560,460
560,557
560,499
561,493
561,548
561,460
561,492
561,552
561,547
561,466
562,556
562,546
562,561
563,478
564,529
564,550
564,168
564,169
564,549
564,515
564,535
564,524
564,531
564,528
564,566
564,470
564,501
567,492
567,466
567,460
567,493
568,492
569,492
570,494
570,492
570,571
571,492
572,492
574,546
574,556
574,466
574,562
574,492
574,493
577,460
577,492
578,492
579,492
580,492
581,485
584,530
584,32
584,521
588,492
589,492
589,460
590,546
590,492
590,493
590,466
590,574
590,562
590,556
591,1232
591,485
591,521
591,466
591,32
591,557
591,584
591,460
591,161
591,525
593,533
593,492
593,466
593,460
594,460
595,460
595,493
595,492
595,504
596,492
597,492
597,577
597,466
597,460
597,493
598,473
602,562
602,574
602,493
602,466
602,546
602,590
602,556
602,492
603,521
603,466
603,591
603,460
603,1232
603,485
603,525
605,544
605,466
605,460
605,485
605,525
606,492
606,466
606,493
606,613
606,460
608,511
608,485
608,466
610,492
610,493
610,460
610,466
611,466
611,546
611,574
611,602
611,492
611,556
611,493
611,590
611,562
613,606
614,510
614,466
614,610
614,492
614,593
614,558
614,523
614,180
614,179
614,473
614,601
615,576
615,550
615,600
615,528
615,529
615,549
615,564
615,169
615,515
615,470
615,168
616,476
616,466
616,178
616,492
616,493
616,620
617,607
620,616
621,466
621,493
621,492
621,460
622,492
623,557
624,525
624,605
624,460
624,544
624,604
626,493
626,460
626,492
626,466
627,546
627,590
627,574
627,466
627,611
627,493
627,602
627,492
627,556
627,562
630,492
630,557
630,493
630,466
630,476
630,485
631,623
631,557
632,557
633,557
635,627
635,556
637,635
637,493
637,627
637,556
637,492
637,466
640,460
640,591
640,466
640,1232
640,184
640,603
640,521
640,485
640,605
640,525
640,629
643,492
644,557
645,557
645,642
646,636
646,619
646,642
646,557
646,625
647,557
649,637
649,466
649,556
649,493
649,492
653,466
653,460
657,460
657,1232
657,603
657,605
657,591
657,521
657,466
657,485
657,189
657,640
657,525
659,476
659,263
659,460
659,492
659,526
659,466
659,493
659,620
660,460
660,503
661,492
662,485
662,492
662,557
663,493
664,557
664,645
665,652
665,557
666,557
666,187
667,557
667,326
668,557
669,493
669,460
669,466
669,492
674,466
674,493
674,649
674,492
674,637
674,556
675,657
675,525
675,485
675,640
675,460
675,648
675,466
675,1232
675,603
675,634
676,466
676,492
680,476
680,671
680,554
680,672
680,659
680,651
681,466
681,521
681,485
681,525
681,460
681,591
681,657
681,605
681,640
681,1232
681,603
682,674
682,493
682,466
682,635
682,627
682,649
682,492
685,492
685,466
685,493
685,494
686,492
687,669
687,493
688,492
688,663
688,493
688,687
688,621
688,460
689,557
690,1272
690,557
690,47
690,670
691,485
692,485
693,476
693,492
693,659
693,620
693,493
693,466
694,460
694,607
694,466
694,610
695,681
695,640
695,460
695,1232
695,466
695,485
695,605
695,525
695,675
695,603
701,466
701,682
701,492
701,674
701,493
702,466
702,557
702,322
702,659
702,321
702,334
702,286
702,492
702,485
702,364
702,712
702,493
702,558
702,593
702,365
702,37
703,492
703,460
703,650
703,466
703,473
703,607
703,493
704,466
704,492
704,473
705,466
705,521
705,485
705,32
705,591
705,1232
705,657
705,460
705,525
705,603
705,681
705,640
705,161
709,470
709,182
709,197
709,194
709,658
709,683
709,188
709,615
709,181
709,169
709,186
709,550
709,626
709,185
709,549
709,193
709,707
709,576
709,168
709,515
709,564
709,641
711,493
711,466
711,460
711,492
712,592
712,559
712,638
712,677
712,466
712,557
712,612
712,628
712,493
712,575
712,565
712,492
712,702
712,654
712,583
712,485
712,599
714,493
714,466
714,518
714,198
715,620
718,621
718,485
718,557
718,501
718,342
718,493
718,540
718,466
718,687
718,659
718,492
719,557
719,668
720,557
720,609
721,557
721,609
722,485
723,681
723,605
723,640
723,705
723,695
723,525
723,460
723,466
723,603
723,485
723,1232
724,700
724,697
724,696
724,698
725,492
725,466
725,556
725,682
725,653
725,701
725,493
726,493
726,466
726,711
726,492
726,460
728,493
728,492
728,466
728,460
730,485
730,659
730,493
730,712
730,702
730,466
730,492
730,557
732,711
732,701
732,682
732,726
732,493
732,635
732,556
732,674
732,492
732,627
732,649
732,466
732,725
733,493
733,466
733,492
733,501
734,707
735,717
736,705
736,640
736,702
736,521
736,1232
736,466
736,460
736,525
736,681
736,485
737,728
737,706
737,190
739,679
739,738
743,659
743,485
743,466
743,492
743,460
743,493
743,567
743,464
744,577
744,578
744,492
745,492
745,650
745,473
745,620
745,582
745,558
746,666
746,557
746,711
747,557
747,633
748,724
749,1232
749,705
749,681
749,460
749,640
749,525
749,466
749,736
749,723
749,603
749,485
750,732
750,726
750,493
750,725
750,711
750,556
750,466
750,701
750,492
750,682
751,712
751,493
751,659
751,492
751,730
751,557
751,466
751,485
751,702
753,739
755,585
755,728
755,737
756,702
756,525
756,485
756,591
756,1232
756,32
756,161
756,460
756,521
756,466
757,735
760,199
760,466
760,557
760,493
760,196
760,492
760,593
761,589
761,492
762,466
762,492
762,485
762,493
763,485
764,485
764,558
765,485
766,485
766,466
766,492
767,485
768,485
768,750
769,749
769,702
769,525
769,460
769,521
769,485
769,603
769,591
769,1232
769,466
769,756
770,749
770,705
770,748
770,723
771,724
771,748
774,466
774,732
774,726
774,701
774,493
774,492
774,556
774,725
774,750
774,711
774,682
776,734
776,757
778,635
778,784
778,556
778,649
778,774
778,492
778,674
778,627
778,466
778,725
778,701
778,750
778,493
778,732
779,492
779,466
779,493
779,460
779,621
779,784
780,784
780,466
780,492
780,751
780,493
780,485
780,557
780,659
780,712
782,525
782,591
782,32
782,460
782,201
782,466
782,702
782,161
782,784
782,756
782,485
782,1232
783,200
783,755
783,728
784,493
784,492
784,466
784,460
786,494
786,492
787,676
787,492
787,494
787,502
788,493
788,427
788,376
788,492
788,688
788,659
788,718
788,9
788,663
788,801
788,466
789,474
789,560
789,488
789,466
789,609
789,659
789,492
789,479
789,746
789,784
789,557
789,684
790,269
790,268
790,267
790,781
790,264
790,265
790,1251
790,266
791,760
791,466
791,784
791,557
791,773
792,780
792,770
792,784
792,782
793,771
793,724
793,784
793,748
794,591
794,1232
794,485
794,466
794,525
794,702
794,782
794,521
794,460
794,769
795,784
795,466
795,485
795,591
795,782
795,161
795,460
795,702
795,1232
795,32
797,776
798,734
798,167
798,470
798,758
798,777
798,202
798,205
803,784
803,785
803,460
803,1230
803,738
803,621
803,466
803,659
803,493
803,557
803,754
803,1271
805,351
805,737
805,466
805,492
805,493
805,688
805,783
805,330
805,587
805,663
805,728
805,371
805,755
806,557
807,485
808,784
808,521
808,1232
808,782
808,591
808,794
808,702
808,485
808,466
808,460
809,796
809,705
809,784
809,792
811,793
811,799
811,771
811,748
811,724
811,784
812,466
812,639
812,784
812,50
812,733
812,775
812,492
812,727
812,656
812,673
812,710
812,493
812,678
812,699
812,460
813,809
813,796
813,784
814,798
814,167
814,734
814,470
815,797
817,460
817,784
817,573
817,504
817,493
817,466
817,490
817,492
819,492
819,494
820,493
820,492
820,460
820,485
820,466
821,493
821,492
821,743
821,504
821,485
821,460
822,485
822,820
822,466
822,41
822,44
823,810
823,784
823,813
823,705
823,809
824,748
824,724
824,793
824,811
824,771
824,817
824,784
825,1232
825,808
825,161
825,460
825,784
825,591
825,521
825,782
825,466
825,32
825,702
825,485
828,659
828,540
828,739
832,815
833,816
833,264
833,713
833,265
833,52
833,826
833,268
833,784
833,659
833,267
833,269
833,266
833,464
834,784
834,485
834,823
834,813
835,466
835,702
835,460
835,161
835,32
835,1232
835,795
835,784
835,485
835,782
836,593
837,494
837,466
837,485
837,676
837,492
838,492
838,828
838,643
838,772
838,493
838,265
838,266
838,718
838,688
838,269
838,655
838,739
838,268
838,264
838,687
838,267
838,784
839,493
839,688
839,659
839,466
839,460
840,784
840,492
840,647
840,120
840,466
840,819
840,471
840,1267
840,557
840,644
840,1268
841,485
844,705
844,825
844,485
844,460
844,824
844,834
844,161
844,784
844,766
844,782
844,823
844,466
844,835
844,32
844,493
844,492
848,485
848,460
848,784
848,702
848,1232
848,795
848,32
848,161
848,782
848,466
849,593
849,494
849,557
849,818
849,676
849,659
849,492
849,214
849,466
849,827
849,485
849,843
852,832
854,202
854,470
854,814
854,734
855,739
855,738
856,493
857,502
857,875
857,466
857,493
857,492
857,688
859,593
859,620
859,494
859,659
859,493
859,557
859,214
859,466
859,693
859,211
859,485
859,676
859,492
859,715
861,460
861,868
861,493
861,466
861,492
862,734
862,854
862,202
862,470
864,852
866,785
866,784
866,1267
866,460
866,1268
866,52
866,803
866,847
866,659
866,48
866,557
866,1266
868,861
868,466
868,860
868,460
868,217
869,460
869,784
869,621
872,1267
872,466
872,1268
872,493
872,460
872,492
872,557
872,784
873,492
873,622
873,786
874,659
874,493
874,557
875,466
875,688
875,460
875,839
875,493
875,687
875,492
876,829
876,485
876,805
876,492
876,1239
876,688
876,1266
876,344
876,761
876,362
876,744
876,874
876,687
876,460
876,718
876,382
876,389
876,466
876,1246
876,1232
876,659
876,493
876,557
876,842
876,784
876,875
876,788
877,493
877,659
877,789
877,466
877,557
877,746
877,492
877,689
877,721
877,485
877,690
878,485
878,519
880,871
880,466
880,493
880,1231
880,492
880,850
880,478
880,460
881,850
881,1267
881,466
881,880
881,871
881,460
881,784
881,621
881,779
883,202
883,862
883,854
883,734
886,864
887,785
887,1267
887,557
887,866
887,460
887,52
887,659
888,359
888,833
888,49
888,265
888,266
888,268
888,459
888,784
888,892
888,52
888,269
888,389
888,867
888,264
888,267
888,286
888,659
888,879
888,866
888,48
889,659
889,676
889,494
889,221
889,557
889,859
889,492
889,849
889,214
889,485
889,466
889,593
890,621
890,869
890,649
890,460
892,274
892,273
892,272
892,389
892,659
893,659
893,389
893,460
893,459
895,492
895,873
895,579
895,571
895,686
896,460
896,785
896,1271
896,731
896,759
896,1267
896,875
896,492
896,1274
896,1268
896,687
896,427
896,382
896,379
896,493
896,714
896,76
896,372
896,518
896,688
896,784
896,876
896,466
896,839
896,268
896,1270
896,1230
896,557
896,788
896,269
896,670
896,485
896,740
896,264
896,739
896,659
896,9
896,805
896,1247
897,485
898,485
899,485
901,493
901,492
901,557
901,879
901,593
901,485
901,214
901,859
901,676
901,466
901,494
901,221
901,889
901,211
901,659
903,460
905,894
906,659
906,893
906,892
906,888
907,176
907,739
907,855
907,870
908,885
908,884
908,831
908,918
908,460
908,865
908,894
908,882
908,863
908,905
908,851
909,894
909,883
910,883
911,886
912,872
912,903
912,802
912,1267
912,893
912,917
912,659
912,1268
912,1240
912,55
912,557
912,785
912,892
912,887
912,916
912,460
913,49
913,48
913,893
913,659
913,389
913,892
913,359
913,286
913,887
913,888
913,218
913,891
913,784
913,903
913,900
916,1268
916,557
916,1267
917,880
917,1268
917,460
917,1267
917,881
918,894
919,1268
919,1267
919,903
920,459
920,572
920,659
920,275
920,676
920,492
921,784
921,788
921,800
921,876
921,659
921,493
921,1240
923,192
923,892
923,784
923,49
923,389
923,492
923,265
923,893
923,900
923,905
923,53
923,267
923,48
923,264
923,1267
923,1268
923,921
923,266
923,268
923,180
923,659
923,269
925,734
925,862
926,911
927,49
927,912
927,48
927,905
927,894
927,923
927,359
927,659
927,893
927,389
927,913
927,892
928,932
928,916
928,903
928,1240
928,55
928,460
928,912
928,802
928,557
928,1267
928,659
928,872
928,892
928,1268
928,52
928,917
928,785
928,893
929,494
929,676
929,492
929,901
929,593
929,909
929,889
929,485
929,221
929,659
929,214
929,557
933,219
933,222
933,607
933,947
934,492
934,568
935,876
935,785
935,896
935,688
935,541
935,740
935,739
935,557
935,659
935,838
935,264
935,805
935,922
935,269
935,687
935,959
935,268
935,718
935,1230
935,266
935,875
935,943
935,126
935,1247
935,857
935,839
935,473
936,893
936,659
936,892
936,778
936,784
937,162
937,485
937,948
937,752
938,937
938,784
938,162
938,466
938,485
940,901
940,859
940,492
940,494
940,659
940,221
940,929
940,909
940,593
940,214
940,466
940,485
940,879
940,493
940,211
940,557
940,947
940,676
942,738
942,739
943,738
943,903
943,739
943,849
945,593
945,784
947,910
947,909
951,947
951,909
951,910
952,470
952,734
952,925
953,926
954,916
954,1267
954,802
954,1240
954,958
954,659
954,903
954,57
954,917
954,1268
954,52
954,892
954,55
954,785
954,932
954,928
954,893
954,460
954,557
955,218
955,903
955,833
955,264
955,927
955,939
955,913
955,880
955,893
955,265
955,49
955,286
955,268
955,266
955,389
955,359
955,784
955,459
955,267
955,48
955,892
955,912
955,958
955,57
955,269
955,1254
955,881
955,659
955,492
957,225
957,903
957,223
957,931
957,206
957,224
957,830
958,932
958,389
958,492
958,659
958,1240
958,460
958,893
958,359
958,892
958,48
958,903
958,49
961,921
961,659
962,659
962,892
962,359
962,389
962,593
962,557
962,485
962,493
962,702
962,492
962,784
962,789
962,896
962,961
962,893
963,286
963,359
963,274
963,272
963,896
963,391
963,467
963,784
963,37
963,44
963,53
963,459
963,268
963,662
963,945
963,502
963,492
963,334
963,273
963,160
963,493
963,676
963,269
963,266
963,494
963,936
963,905
963,460
963,570
963,872
963,1232
963,472
963,389
963,903
965,943
965,466
965,942
965,518
965,738
965,493
965,162
965,903
967,830
967,903
967,957
968,905
968,918
968,389
968,894
968,607
968,659
968,908
968,892
968,909
969,734
969,951
969,925
969,952
969,470
970,953
971,917
971,557
971,55
971,916
971,52
971,872
971,1268
971,932
971,954
971,958
971,1240
971,57
971,893
971,894
971,659
971,905
971,785
971,1267
971,892
971,802
971,903
972,1254
972,892
972,893
972,966
972,955
972,659
972,905
972,784
972,894
972,1255
972,958
972,48
972,359
972,389
972,459
972,903
972,49
973,485
973,494
973,909
973,593
973,230
973,214
973,929
973,659
973,947
973,940
973,676
973,557
973,466
973,492
974,907
974,739
974,903
974,943
977,614
977,784
977,1253
978,920
978,787
978,492
978,895
978,570
978,502
978,459
978,460
978,622
978,744
978,662
979,840
979,644
979,1267
979,485
979,647
979,668
979,557
980,492
980,493
980,460
980,54
980,784
980,817
980,56
980,466
981,977
981,485
981,973
981,492
981,960
981,893
981,593
981,466
981,676
981,940
981,947
981,211
981,909
981,493
981,659
981,557
981,214
981,494
983,952
983,925
983,969
983,951
984,970
985,734
985,918
985,947
985,960
985,894
985,233
985,903
985,905
985,909
985,924
986,389
986,918
986,467
986,338
986,459
986,905
986,894
986,659
986,903
986,1268
986,892
986,493
986,872
986,492
986,1267
986,557
988,739
988,974
988,943
988,907
988,855
988,903
989,264
989,892
989,972
989,894
989,982
989,265
989,266
989,659
989,459
989,905
989,267
989,893
989,958
991,268
991,485
991,593
991,67
991,466
991,420
991,492
991,659
991,9
991,607
991,459
992,1268
992,916
992,903
992,917
992,872
992,987
992,162
992,785
992,557
992,1267
993,875
993,688
993,838
993,897
993,874
993,557
993,846
993,718
993,876
993,466
993,492
993,935
993,460
993,493
993,896
994,1238
994,420
994,1234
994,427
994,492
994,857
994,896
994,557
994,659
994,460
994,68
994,688
994,494
994,9
994,1277
994,993
994,67
994,45
994,702
994,413
994,466
994,485
994,740
994,876
994,493
995,659
995,876
995,557
995,493
995,896
995,993
995,688
995,427
995,788
995,501
995,460
995,9
995,376
995,801
995,378
995,37
995,687
995,875
995,389
995,375
995,334
995,76
995,286
995,279
995,380
995,805
995,892
995,492
995,347
995,702
995,466
995,117
995,314
995,337
995,485
996,659
997,921
997,273
997,963
997,961
997,962
997,936
997,892
997,391
997,659
997,389
998,460
998,493
998,485
998,466
998,494
998,820
998,762
998,162
999,195
999,998
999,914
999,466
999,543
999,473
999,650
999,41
999,899
999,938
999,704
999,485
999,382
999,492
999,708
999,162
1000,56
1000,980
1000,460
1000,784
1000,942
1000,466
1000,492
1000,817
1000,54
1000,493
1001,1253
1001,1268
1001,459
1001,1267
1001,760
1001,557
1001,746
1001,784
1001,872
1001,460
1001,791
1001,466
1002,264
1002,180
1002,903
1002,265
1002,1256
1002,982
1002,459
1002,893
1002,266
1002,905
1002,269
1002,892
1002,492
1002,659
1002,389
1002,989
1002,1255
1002,1254
1002,784
1002,267
1002,359
1002,268
1002,192
1003,942
1003,493
1003,738
1003,903
1003,518
1003,466
1003,492
1003,784
1004,557
1004,971
1004,893
1004,1240
1004,659
1004,802
1004,460
1004,932
1004,1267
1004,872
1004,1010
1004,892
1004,958
1004,903
1004,785
1004,905
1004,1268
1006,981
1006,466
1006,485
1006,557
1006,233
1006,676
1006,492
1006,973
1006,214
1006,494
1006,659
1006,909
1006,593
1006,947
1007,236
1007,960
1007,237
1007,734
1007,240
1007,239
1007,918
1007,238
1007,903
1007,1009
1007,894
1007,985
1007,233
1007,905
1007,234
1007,235
1008,984
1009,983
1009,1007
1009,236
1009,967
1011,493
1011,466
1011,460
1011,492
1012,492
1012,557
1012,466
1012,702
1012,593
1012,659
1012,460
1012,493
1012,586
1012,485
1013,1012
1014,659
1015,778
1015,903
1015,801
1015,359
1015,961
1015,53
1015,997
1015,921
1015,1240
1015,996
1015,962
1015,892
1015,963
1015,1012
1015,659
1015,389
1015,893
1015,1242
1015,936
1015,788
1015,1237
1016,493
1016,785
1016,466
1016,935
1016,557
1016,739
1016,492
1016,541
1016,659
1016,890
1016,485
1017,267
1017,659
1017,359
1017,784
1017,932
1017,1002
1017,264
1017,903
1017,892
1017,893
1017,492
1017,833
1017,265
1017,389
1017,905
1017,989
1017,958
1017,266
1017,894
1018,492
1018,460
1018,779
1018,493
1018,466
1018,210
1018,784
1019,459
1019,460
1019,1268
1019,872
1019,44
1019,1253
1019,1001
1019,760
1019,557
1019,41
1019,1267
1020,958
1020,501
1020,1004
1020,1002
1020,1017
1020,892
1020,903
1020,359
1020,1240
1020,1269
1020,621
1020,389
1020,1011
1020,272
1020,893
1020,833
1020,264
1020,267
1020,265
1020,266
1020,659
1020,803
1020,492
1020,1012
1020,784
1021,171
1021,160
1021,986
1021,248
1021,968
1021,908
1021,175
1021,894
1021,905
1021,172
1021,892
1021,557
1023,1008
1025,739
1025,855
1025,943
1025,942
1025,738
1028,492
1028,493
1028,460
1029,593
1030,593
1030,920
1030,662
1030,978
1030,787
1030,492
1030,661
1030,266
1031,502
1031,935
1031,395
1031,876
1031,466
1031,460
1031,380
1031,413
1031,896
1031,788
1031,42
1031,659
1031,41
1031,346
1031,493
1031,857
1031,117
1031,330
1031,993
1031,557
1031,276
1031,391
1031,875
1031,427
1031,702
1031,995
1031,688
1031,485
1031,76
1031,687
1031,805
1031,309
1031,386
1032,620
1032,1015
1032,693
1032,214
1032,473
1032,460
1032,593
1032,715
1032,659
1032,596
1032,492
1032,1014
1033,1018
1035,1016
1036,1240
1036,659
1036,1267
1036,1012
1036,460
1036,557
1036,1268
1036,872
1036,1004
1037,903
1037,1012
1037,803
1037,892
1037,1028
1037,501
1037,1269
1037,784
1037,1011
1037,621
1037,659
1037,1020
1037,958
1037,1002
1037,893
1037,1004
1037,1240
1039,1006
1039,981
1039,254
1041,930
1041,1009
1041,734
1041,925
1041,465
1041,470
1041,247
1041,967
1041,229
1041,236
1042,1023
1042,894
1043,249
1043,251
1043,1010
1043,1021
1043,960
1043,894
1043,1027
1043,1026
1043,252
1043,255
1043,1022
1043,1019
1043,734
1043,254
1043,918
1043,250
1043,905
1043,256
1043,253
1046,893
1046,892
1046,659
1047,492
1047,494
1048,702
1048,666
1048,1267
1048,784
1048,1268
1048,162
1048,746
1048,557
1048,690
1048,668
1048,667
1048,466
1048,785
1048,877
1049,1033
1049,893
1049,1013
1049,1002
1049,997
1049,389
1049,1046
1049,1011
1049,264
1049,905
1049,903
1049,1015
1049,266
1049,192
1049,359
1049,268
1049,265
1049,892
1049,996
1049,267
1049,492
1049,659
1049,1037
1049,1014
1049,1012
1049,180
1049,1032
1049,269
1050,935
1050,1034
1050,659
1050,1016
1050,541
1050,1025
1050,1033
1050,492
1050,1018
1050,493
1050,903
1050,466
1050,1035
1050,485
1050,557
1050,739
1050,460
1050,828
1051,460
1051,942
1051,1016
1051,1003
1051,784
1051,738
1051,466
1051,943
1051,493
1051,492
1051,621
1051,1247
1052,1018
1052,492
1052,466
1052,784
1052,1000
1052,460
1052,812
1052,1033
1052,493
1052,1034
1052,980
1053,466
1053,493
1053,460
1055,778
1055,460
1055,466
1056,470
1056,925
1056,734
1056,236
1056,1041
1056,1009
1057,261
1057,557
1057,160
1057,892
1057,1021
1057,894
1057,905
1058,734
1058,905
1058,1040
1058,258
1058,1027
1058,1044
1058,1019
1058,1041
1058,31
1058,894
1058,249
1058,250
1058,960
1058,1021
1058,257
1058,256
1058,260
1058,918
1058,1043
1059,918
1059,894
1059,1042
1059,905
1059,960
1061,621
1061,1240
1061,1036
1061,1012
1061,892
1061,1037
1061,893
1061,803
1061,659
1061,1049
1061,784
1061,1011
1061,1046
1061,1269
1061,501
1061,903
1061,1028
1062,938
1062,485
1062,567
1062,492
1062,876
1062,993
1062,994
1062,662
1062,41
1062,460
1062,1031
1062,857
1062,466
1062,1232
1062,998
1062,718
1062,875
1062,995
1062,838
1062,702
1062,659
1062,896
1062,788
1062,557
1062,805
1062,1012
1062,42
1062,935
1062,688
1062,338
1062,493
1063,728
1063,846
1063,1243
1063,994
1063,382
1063,485
1063,688
1063,805
1063,718
1063,1241
1063,587
1063,896
1063,557
1063,1012
1063,702
1063,1028
1063,466
1063,460
1063,784
1063,801
1063,743
1063,492
1063,1062
1063,876
1063,995
1063,1266
1063,621
1063,659
1063,493
1063,116
1063,993
1063,935
1064,961
1064,1012
1064,693
1064,1032
1064,963
1064,962
1064,786
1064,389
1064,359
1064,893
1064,903
1064,1028
1064,493
1064,492
1064,485
1064,659
1064,1015
1064,162
1064,382
1064,841
1064,921
1065,659
1066,938
1066,691
1066,979
1066,485
1066,998
1066,1062
1066,482
1066,899
1066,765
1067,162
1067,485
1068,1039
1068,693
1068,1061
1068,715
1068,1032
1068,1030
1068,1049
1068,466
1068,241
1068,981
1068,620
1068,659
1068,254
1069,784
1069,466
1069,492
1069,1247
1069,1051
1069,460
1069,493
1069,738
1070,460
1070,1052
1070,492
1070,1018
1070,812
1070,784
1070,493
1070,1000
1070,1033
1070,466
1070,980
1070,1034
1071,943
1071,492
1071,493
1071,659
1071,466
1071,1012
1071,541
1071,828
1071,1025
1071,1050
1071,903
1071,739
1071,58
1071,557
1071,60
1071,485
1073,1058
1073,894
1073,1027
1073,1056
1073,258
1073,260
1073,1019
1073,1060
1073,960
1073,257
1073,1057
1073,1010
1073,1009
1073,259
1073,734
1074,1009
1074,925
1074,1056
1075,960
1075,1059
1075,918
1075,894
1075,905
1076,988
1076,907
1076,855
1076,1071
1076,739
1076,974
1076,1050
1076,903
1076,943
1078,740
1078,1028
1079,557
1079,728
1079,1012
1079,805
1079,877
1079,979
1079,587
1079,1257
1079,1031
1079,840
1079,1259
1079,1267
1079,1253
1079,941
1079,789
1079,1268
1080,785
1080,338
1080,460
1080,1232
1080,1267
1080,746
1080,326
1080,659
1080,979
1080,466
1080,499
1080,485
1080,702
1080,557
1080,493
1080,1268
1080,784
1080,373
1080,1012
1080,872
1080,492
1082,1012
1082,493
1082,828
1082,61
1082,943
1082,1083
1082,58
1082,890
1082,974
1082,1050
1082,541
1082,739
1082,59
1082,1071
1082,659
1082,903
1082,738
1082,60
1082,557
1082,492
1082,466
1082,485
1083,557
1083,493
1083,828
1083,541
1083,1025
1083,1012
1083,738
1083,1076
1083,659
1083,988
1083,943
1083,492
1083,903
1083,935
1083,739
1083,466
1083,1050
1083,907
1083,890
1083,1071
1083,266
1083,974
1083,485
1085,943
1085,1010
1085,903
1086,855
1086,739
1086,903
1086,1082
1086,1025
1086,943
1086,1050
1086,1085
1086,1010
1086,1071
1087,903
1087,738
1087,1085
1087,943
1087,942
1087,176
1087,1083
1087,1024
1087,974
1087,1082
1087,1025
1087,753
1087,855
1087,870
1087,988
1087,1076
1087,739
1087,907
1090,1006
1090,1039
1090,494
1090,262
1090,1094
1090,659
1090,492
1090,1092
1090,466
1090,1068
1091,1075
1092,685
1092,598
1092,716
1092,650
1092,473
1093,1073
1093,960
1093,894
1093,918
1093,716
1093,892
1093,715
1093,693
1093,241
1093,905
1093,933
1093,659
1093,620
1093,893
1094,960
1094,894
1094,465
1094,975
1094,1074
1094,967
1094,734
1094,470
1094,1093
1094,903
1095,460
1095,659
1095,893
1095,892
1096,784
1096,493
1096,460
1096,466
1097,819
1097,920
1097,588
1097,978
1097,492
1097,744
1097,1030
1097,873
1097,787
1097,643
1097,761
1098,557
1098,702
1098,998
1098,1048
1098,995
1098,996
1098,659
1098,1062
1098,622
1098,493
1099,996
1099,659
1099,936
1099,1065
1099,1014
1099,963
1099,661
1100,691
1100,937
1100,1067
1100,485
1100,493
1100,878
1100,519
1100,162
1100,466
1100,460
1100,1066
1100,999
1100,492
1100,897
1102,685
1102,620
1102,1092
1102,241
1102,1091
1102,1099
1102,1068
1102,466
1102,745
1102,262
1102,1094
1102,1032
1102,715
1102,1061
1102,659
1102,1039
1102,473
1102,492
1102,693
1102,1049
1102,650
1102,1030
1102,214
1103,738
1103,1069
1103,1003
1103,965
1103,1070
1103,1077
1103,1052
1103,1051
1104,482
1104,935
1104,659
1104,557
1104,61
1104,828
1104,738
1104,466
1104,1034
1104,493
1104,1082
1104,58
1104,1012
1104,1085
1104,890
1104,1083
1104,739
1104,943
1104,492
1104,1071
1104,974
1104,1050
1104,541
1104,59
1104,60
1104,903
1104,1033
1106,1101
1106,1033
1106,1034
1107,485
1107,1104
1107,59
1107,466
1107,739
1107,890
1107,557
1107,60
1107,828
1107,738
1107,784
1107,62
1107,541
1107,1050
1107,61
1107,1085
1107,974
1107,1082
1107,659
1107,1012
1107,1071
1107,493
1107,943
1107,58
1107,492
1107,903
1107,1083
1108,1000
1108,493
1108,56
1108,54
1108,980
1108,46
1108,812
1108,1033
1108,1018
1108,784
1108,1052
1108,1034
1108,466
1108,460
1108,492
1109,1069
1109,1077
1109,492
1109,466
1109,784
1109,1051
1109,493
1109,1247
1109,1103
1109,460
1109,942
1109,943
1109,738
1111,470
1111,1041
1111,1093
1111,925
1111,465
1111,1094
1111,967
1112,1267
1112,917
1112,916
1113,916
1113,1028
1113,557
1113,917
1113,1267
1113,1268
1113,992
1113,872
1114,593
1114,991
1114,1029
1114,945
1116,1070
1116,1103
1116,1051
1116,1018
1116,557
1116,492
1116,1003
1116,1033
1116,485
1116,1106
1116,1108
1116,1069
1116,965
1116,1109
1116,466
1116,738
1116,493
1116,1105
1116,1052
1116,460
1116,1110
1116,1101
1116,1034
1117,1018
1117,1082
1117,1083
1117,493
1117,492
1117,1053
1117,784
1117,466
1117,1010
1119,1033
1119,1018
1119,460
1119,784
1119,492
1119,466
1119,1108
1119,1052
1119,493
1119,1034
1120,890
1120,1085
1120,1083
1120,1050
1120,1086
1120,60
1120,1012
1120,1071
1120,659
1120,1107
1120,58
1120,62
1120,1104
1120,466
1120,485
1120,1122
1120,738
1120,974
1120,493
1120,541
1120,1087
1120,943
1120,492
1120,739
1120,828
1120,61
1120,59
1120,1082
1120,557
1120,1117
1121,492
1121,475
1121,1094
1121,466
1121,703
1121,702
1121,473
1121,255
1121,543
1121,557
1121,659
1121,650
1123,459
1123,460
1124,494
1124,1030
1124,659
1124,1099
1124,1039
1124,1090
1124,1068
1124,1123
1124,676
1124,1011
1124,493
1124,492
1124,745
1124,1032
1124,1092
1124,1121
1124,466
1124,1102
1126,925
1126,470
1126,465
1126,1041
1126,1094
1126,1111
1126,967
1127,715
1127,593
1127,650
1127,1092
1127,685
1127,598
1127,1093
1127,945
1127,1094
1127,473
1127,716
1127,475
1127,543
1127,1012
1130,324
1130,286
1130,284
1130,323
1130,10
1130,372
1130,715
1130,339
1130,420
1130,388
1130,313
1130,389
1130,460
1130,381
1130,384
1130,407
1130,100
1130,315
1130,68
1130,392
1130,702
1130,399
1130,1098
1130,354
1130,326
1130,1062
1130,322
1130,1012
1130,562
1130,364
1130,492
1130,76
1130,493
1130,9
1130,662
1130,396
1130,334
1130,79
1130,357
1130,659
1130,321
1130,346
1130,67
1130,876
1130,359
1130,337
1130,365
1130,387
1130,1092
1131,1132
1131,1012
1131,476
1131,270
1131,272
1131,1099
1131,962
1131,963
1131,41
1131,892
1131,1095
1131,1133
1131,997
1131,1032
1131,659
1131,557
1131,1065
1131,271
1131,1072
1131,1064
1131,273
1132,1065
1132,875
1132,659
1132,1275
1132,936
1132,1014
1132,328
1132,877
1132,1099
1132,391
1132,1270
1132,962
1132,1083
1132,961
1132,1271
1132,493
1132,1081
1133,892
1133,1099
1133,1064
1133,1131
1133,997
1133,1012
1133,1132
1133,241
1133,1134
1133,389
1133,1101
1133,893
1133,1095
1133,996
1133,359
1133,876
1133,963
1133,1065
1133,659
1133,1015
1134,359
1134,921
1134,1099
1134,659
1134,1065
1134,1063
1134,688
1134,1015
1134,389
1134,476
1134,316
1134,493
1134,312
1134,1028
1134,936
1134,1095
1134,1012
1135,789
1135,993
1135,903
1135,686
1135,493
1135,1080
1135,1062
1135,1079
1135,895
1135,557
1135,466
1135,718
1136,557
1136,746
1136,789
1136,493
1136,1135
1136,1257
1136,1080
1136,659
1136,905
1136,892
1136,1261
1136,1264
1136,872
1136,44
1136,1012
1136,1259
1136,459
1136,264
1136,266
1136,269
1136,1258
1136,1253
1136,41
1136,1262
1136,1263
1136,43
1136,265
1136,42
1136,268
1136,267
1136,893
1136,1129
1137,899
1137,764
1137,492
1137,999
1137,608
1137,162
1137,1066
1137,766
1137,485
1137,778
1137,1115
1137,938
1137,998
1137,1100
1137,765
1137,1097
1137,897
1137,466
1138,1032
1138,620
1138,466
1138,945
1138,1068
1138,1030
1138,214
1138,492
1138,1092
1138,745
1138,473
1138,593
1138,1102
1138,1011
1138,650
1138,1061
1138,607
1138,1091
1138,1126
1138,693
1138,241
1138,262
1138,659
1138,1124
1138,685
1138,715
1139,466
1139,493
1139,557
1139,1117
1139,1018
1139,1053
1139,784
1141,1086
1141,493
1141,1034
1141,1122
1141,1083
1141,1033
1141,58
1141,659
1141,492
1141,1082
1141,1142
1141,1107
1141,1104
1141,1071
1141,1139
1141,62
1141,485
1141,1012
1141,61
1141,1050
1141,1087
1141,63
1141,557
1141,855
1141,1085
1141,1120
1141,466
1141,65
1142,1025
1142,870
1142,943
1142,1086
1142,739
1142,1122
1142,1085
1142,176
1142,855
1142,1024
1144,264
1144,945
1144,1012
1144,779
1144,1011
1144,473
1144,266
1144,459
1144,267
1144,593
1144,265
1144,650
1145,1122
1145,1141
1145,974
1145,903
1145,1083
1145,1010
1145,1087
1145,557
1145,935
1145,659
1145,485
1145,738
1145,1085
1145,493
1145,1142
1145,1012
1145,466
1145,492
1147,716
1147,1124
1147,1127
1147,1126
1147,1093
1147,558
1147,650
1147,620
1147,460
1147,473
1147,685
1147,1121
1147,1092
1147,593
1147,598
1147,715
1147,1094
1147,945
1147,745
1148,1122
1148,738
1148,903
1148,1085
1149,1267
1149,1122
1149,917
1149,1112
1149,916
1150,1015
1150,466
1150,1012
1150,659
1150,650
1150,661
1150,492
1150,1029
1150,1065
1150,494
1150,744
1150,579
1150,873
1150,978
1150,1250
1150,1030
1150,745
1150,1032
1150,1047
1150,577
1150,787
1150,715
1150,920
1151,789
1151,1015
1151,1135
1151,979
1151,1136
1151,1014
1151,632
1151,1132
1151,1080
1151,659
1151,689
1151,877
1151,1131
1151,1099
1151,746
1152,1012
1152,9
1152,420
1152,659
1152,466
1152,492
1152,557
1153,492
1153,788
1153,1015
1153,1012
1153,896
1153,801
1153,1232
1153,1134
1153,466
1153,485
1154,1029
1154,789
1154,2
1154,979
1154,420
1154,498
1154,1092
1154,1136
1154,633
1154,42
1154,1131
1154,1012
1154,43
1154,659
1154,872
1154,41
1154,492
1154,557
1154,144
1154,6
1154,593
1154,466
1154,163
1154,702
1154,1080
1154,424
1154,746
1154,1048
1154,877
1154,747
1154,44
1154,485
1154,996
1157,903
1157,1053
1157,493
1157,1018
1157,1139
1157,784
1157,466
1158,1122
1158,659
1158,1101
1158,557
1158,485
1158,1106
1158,493
1158,466
1158,492
1158,1116
1158,738
1158,460
1158,1103
1160,460
1160,1119
1160,466
1160,784
1160,1052
1160,493
1160,1018
1160,1033
1160,1108
1160,1034
1160,492
1161,466
1161,784
1161,903
1161,64
1161,1050
1161,493
1161,557
1161,58
1161,1145
1161,1082
1161,1085
1161,1141
1161,1107
1161,1122
1161,1157
1161,1120
1161,61
1161,492
1161,1142
1161,1104
1161,1083
1161,1071
1161,65
1161,1010
1161,1012
1161,485
1161,1148
1163,1092
1163,745
1163,1032
1163,1124
1163,557
1163,1121
1163,493
1163,492
1163,494
1163,1123
1163,1138
1163,466
1163,1090
1163,1099
1163,676
1163,593
1163,945
1163,1011
1163,659
1163,1030
1163,1102
1165,1092
1165,620
1165,492
1165,473
1165,598
1165,466
1165,685
1165,558
1165,945
1165,1093
1165,704
1165,1127
1165,715
1165,460
1165,745
1165,1094
1165,1147
1165,693
1165,716
1165,493
1165,1126
1165,1121
1165,1144
1165,593
1165,650
1165,1138
1165,1124
1166,746
1166,840
1166,9
1166,1079
1166,789
1166,1131
1166,615
1166,493
1166,382
1166,354
1166,399
1166,67
1166,1154
1166,1092
1166,1135
1166,778
1166,313
1166,492
1166,420
1166,321
1166,659
1166,877
1166,1121
1166,1080
1166,144
1166,241
1166,1048
1166,466
1166,557
1166,438
1166,1136
1166,872
1168,1122
1168,1116
1168,1034
1168,1033
1168,1018
1168,1110
1168,1103
1168,1158
1168,1105
1172,466
1172,738
1172,659
1172,1142
1172,1087
1172,1025
1172,485
1172,64
1172,1086
1172,1122
1172,974
1172,1012
1172,1171
1172,935
1172,1141
1172,493
1172,65
1172,492
1172,1083
1172,1145
1172,1161
1172,557
1173,1165
1173,492
1173,593
1173,745
1173,1163
1173,933
1173,1147
1173,620
1173,473
1173,704
1173,466
1173,493
1173,715
1173,1093
1173,1092
1173,558
1173,716
1173,1127
1173,1094
1173,693
1173,685
1173,945
1173,598
1173,460
1173,582
1173,915
1174,877
1174,896
1174,1171
1174,785
1174,962
1174,659
1174,1267
1174,557
1174,993
1174,1062
1174,1136
1174,1268
1174,493
1174,784
1174,1132
1174,1012
1175,337
1175,391
1175,485
1175,285
1175,373
1175,493
1175,357
1175,805
1175,283
1175,324
1175,327
1175,372
1175,1101
1175,993
1175,163
1175,399
1175,995
1175,1012
1175,702
1175,383
1175,326
1175,359
1175,1031
1175,427
1175,659
1175,369
1175,1062
1175,336
1175,338
1175,378
1175,385
1175,287
1175,557
1175,9
1175,355
1175,393
1175,397
1175,298
1175,356
1175,277
1175,117
1175,466
1175,688
1176,688
1176,896
1176,960
1176,1132
1176,1133
1176,1065
1176,1169
1176,659
1176,1031
1176,963
1176,976
1176,1131
1176,1171
1176,876
1176,893
1176,1012
1176,892
1176,1170
1176,1128
1176,503
1176,1177
1176,997
1177,996
1177,997
1177,1015
1177,389
1177,659
1177,1099
1177,1134
1177,893
1177,1151
1177,662
1177,1171
1177,963
1177,1032
1177,643
1177,1064
1177,1131
1177,693
1177,359
1177,1062
1177,1176
1177,1065
1177,1072
1177,892
1177,921
1178,1151
1178,979
1178,557
1178,662
1178,895
1178,659
1178,1062
1178,1152
1178,1012
1178,897
1178,1153
1178,1080
1178,1174
1179,1232
1179,466
1179,659
1179,1153
1179,1014
1179,493
1179,688
1179,876
1179,784
1179,921
1179,1065
1179,1152
1179,1134
1179,874
1179,1131
1179,1266
1179,1012
1180,1080
1180,404
1180,1135
1180,1048
1180,1166
1180,789
1180,1154
1180,1136
1180,721
1180,719
1180,667
1180,557
1180,1171
1180,401
1180,979
1180,720
1180,1151
1180,1079
1180,840
1180,746
1182,1168
1182,1122
1182,1171
1182,1249
1188,702
1188,420
1188,269
1188,264
1188,9
1188,267
1188,1029
1188,1011
1188,163
1188,459
1188,41
1188,1114
1188,268
1188,836
1188,425
1188,593
1188,622
1188,6
1188,265
1188,266
1189,400
1189,839
1189,1082
1189,1140
1189,805
1189,1133
1189,1080
1189,995
1189,493
1189,399
1189,1118
1189,557
1189,395
1189,1183
1189,935
1189,152
1189,404
1189,949
1189,1062
1189,320
1189,838
1189,1005
1189,990
1189,460
1189,875
1189,466
1189,1175
1189,857
1189,999
1189,868
1189,1106
1189,319
1189,896
1189,1174
1189,1088
1189,1159
1189,1063
1189,1181
1189,352
1189,1031
1189,1028
1189,1143
1189,659
1189,1101
1189,718
1189,1045
1190,892
1190,936
1190,1072
1190,962
1190,1134
1190,688
1190,1132
1190,659
1190,1032
1190,1099
1190,961
1190,1015
1190,1065
1190,1131
1190,1151
1190,1095
1190,1176
1190,389
1190,1062
1190,359
1190,997
1190,838
1190,996
1190,492
1190,1133
1190,718
1190,963
1190,921
1190,1014
1190,1064
1191,996
1191,1072
1191,1186
1191,1131
1191,41
1191,1065
1191,1130
1191,702
1191,963
1191,593
1191,1011
1191,1177
1191,659
1192,1155
1192,659
1192,1132
1192,622
1192,996
1192,44
1192,41
1192,1130
1192,963
1192,1131
1192,274
1192,1072
1192,702
1192,1176
1192,492
1192,466
1192,945
1193,492
1193,1012
1193,659
1193,1178
1193,688
1193,466
1193,1185
1193,788
1193,1153
1193,1015
1193,789
1193,1179
1193,1171
1193,873
1193,718
1193,557
1193,1152
1193,493
1194,1125
1194,1180
1194,690
1194,17
1194,1171
1194,144
1194,875
1194,896
1194,1092
1194,861
1194,760
1194,1101
1194,409
1194,1154
1194,784
1194,1151
1194,1166
1194,1133
1194,1253
1194,438
1194,872
1194,4
1194,557
1194,1080
1194,1184
1194,666
1194,1089
1194,1164
1194,789
1194,1029
1194,1079
1194,895
1194,877
1194,1038
1194,1136
1194,41
1194,746
1194,268
1194,1187
1194,1174
1194,459
1194,1054
1194,1146
1194,1268
1194,593
1194,1048
1194,1135
1194,1267
1194,721
1194,1178
1194,1150
1195,1194
1195,1253
1195,1012
1195,702
1195,1136
1195,659
1195,689
1195,746
1195,10
1195,9
1195,92
1195,979
1195,17
1195,493
1195,413
1195,1151
1195,1180
1195,1266
1195,414
1195,466
1195,1080
1195,903
1195,1171
1195,1166
1195,557
1195,1240
1195,68
1195,877
1195,485
1195,407
1196,1172
1196,1171
1196,1145
1196,1168
1196,1182
1197,1108
1197,1034
1197,1033
1197,460
1197,784
1197,492
1197,466
1197,1171
1197,1018
1197,1052
1197,1119
1197,621
1197,1160
1197,493
1198,740
1198,557
1198,1028
1198,492
1198,460
1198,1078
1198,659
1198,466
1198,485
1198,493
1198,702
1198,621
1199,787
1199,661
1199,597
1199,518
1199,1011
1199,268
1199,466
1199,180
1199,24
1199,896
1199,1247
1199,1249
1199,962
1199,1101
1199,1151
1199,861
1199,704
1199,1047
1199,978
1199,558
1199,895
1199,492
1199,1030
1199,1012
1199,759
1199,676
1199,464
1199,577
1199,920
1199,494
1199,744
1199,1032
1199,659
1199,1150
1199,1010
1200,1171
1200,593
1200,376
1200,1153
1200,1193
1200,1080
1200,1062
1200,702
1200,1012
1200,1178
1200,557
1200,659
1200,460
1200,532
1200,466
1200,492
1200,507
1200,788
1200,1179
1200,688
1200,485
1200,1152
1200,493
1200,337
1200,1011
1201,1178
1201,1152
1201,868
1201,1200
1201,485
1201,1179
1201,492
1201,557
1201,659
1201,1065
1201,1153
1201,1193
1201,466
1201,1012
1202,877
1202,1167
1202,1156
1202,746
1202,1048
1202,1149
1202,1247
1202,1180
1202,1101
1202,1249
1202,1154
1202,1195
1202,1135
1202,1112
1202,759
1202,557
1202,1080
1202,1171
1202,1248
1202,1194
1202,979
1202,1079
1202,1166
1204,1034
1204,1033
1204,1171
1204,1196
1208,1015
1208,877
1208,689
1208,1099
1208,557
1208,746
1208,1135
1208,1131
1208,979
1208,789
1208,659
1208,1014
1208,632
1208,1080
1208,1132
1208,892
1208,1136
1209,1162
1209,1014
1209,715
1209,659
1209,492
1209,1207
1209,1155
1209,593
1209,1065
1209,1177
1210,405
1210,1273
1210,621
1210,493
1210,460
1210,1171
1210,492
1210,1270
1210,1101
1210,309
1210,466
1210,784
1210,276
1212,622
1212,1005
1212,1
1212,10
1212,492
1212,9
1212,407
1212,920
1212,1265
1212,459
1212,1150
1212,1205
1212,27
1212,466
1212,1101
1212,978
1212,861
1212,67
1212,28
1212,761
1212,1028
1212,1219
1212,420
1212,482
1212,1097
1212,659
1212,1199
1212,704
1213,1174
1213,659
1213,1244
1213,1198
1213,466
1213,460
1213,1012
1213,1189
1213,896
1213,1277
1213,1245
1213,994
1213,857
1213,502
1213,1063
1213,493
1214,1186
1214,37
1214,702
1214,403
1214,1084
1214,1171
1214,872
1214,905
1214,402
1214,892
1214,406
1214,894
1214,43
1214,286
1214,1268
1214,42
1214,1253
1214,400
1214,41
1214,1267
1214,399
1214,499
1214,1203
1214,918
1214,160
1214,466
1214,467
1214,944
1214,334
1214,459
1214,557
1215,764
1215,485
1215,1100
1215,1171
1215,137
1215,999
1215,493
1215,492
1215,1101
1215,1137
1215,1066
1215,998
1215,899
1215,466
1215,841
1216,1012
1216,466
1216,492
1216,557
1216,1249
1216,659
1216,460
1216,1247
1216,784
1216,493
1217,1210
1217,1052
1217,460
1217,1018
1217,466
1217,1119
1217,1160
1217,1171
1217,1108
1217,1197
1217,492
1217,493
1217,1033
1217,621
1217,1034
1217,784
1218,1012
1218,492
1218,1101
1218,485
1218,893
1218,1171
1218,892
1218,557
1218,1049
1218,659
1218,493
1220,3
1220,744
1220,1192
1220,407
1220,1150
1220,945
1220,420
1220,67
1220,466
1220,9
1220,702
1220,492
1220,1012
1220,659
1220,1191
1220,1130
1221,1097
1221,997
1221,1132
1221,1064
1221,1151
1221,1177
1221,1212
1221,1190
1221,1005
1221,936
1221,1133
1221,643
1221,1209
1221,1176
1221,1134
1221,1015
1221,1131
1221,659
1221,963
1221,892
1222,1122
1222,1204
1222,466
1222,1218
1222,1171
1222,784
1222,460
1222,1249
1223,1217
1223,1101
1223,738
1223,784
1223,1222
1223,1218
1223,1171
1223,460
1223,466
1223,621
1223,518
1224,868
1224,1189
1224,595
1224,838
1224,621
1224,1181
1224,22
1224,993
1224,1249
1224,1174
1224,841
1224,935
1224,1063
1224,1062
1224,718
1224,17
1224,1198
1224,1180
1224,1097
1224,1028
1224,688
1224,875
1224,382
1224,493
1225,896
1225,347
1225,875
1225,376
1225,1015
1225,9
1225,1201
1225,76
1225,492
1225,493
1225,1062
1225,427
1225,1200
1225,117
1225,1178
1225,662
1225,406
1225,1134
1225,1175
1225,1080
1225,501
1225,1153
1225,788
1225,1195
1225,895
1225,1189
1225,995
1225,557
1225,466
1225,485
1225,1179
1225,1152
1225,897
1225,688
1225,1012
1225,702
1225,659
1225,404
1226,1153
1226,1253
1226,979
1226,1267
1226,1113
1226,1195
1226,1180
1226,459
1226,1135
1226,1171
1226,1268
1226,994
1226,464
1226,841
1226,1194
1226,1209
1226,1080
1226,992
1226,557
1226,659
1226,382
1226,1202
1226,1065
1226,1028
1226,1166
1226,1064
1226,1214
1226,1223
1226,840
1226,1136
1227,1217
1227,1218
1227,460
1227,1222
1227,1223
1227,738
1227,1171
1227,1216
1227,784
1227,1101
1227,621
1227,518
1227,466
1227,1122
1228,1214
1228,978
1228,557
1228,1188
1228,996
1228,905
1228,1131
1228,1206
1228,659
1228,454
1228,593
1228,44
1228,1130
1228,407
1228,1011
1228,492
1228,918
1228,9
1228,1220
1228,41
1228,1191
1228,420
1228,1211
1228,702
1228,960
1228,894
1228,79
1228,30
1228,485
1228,1192
1229,1189
1229,893
1229,1134
1229,1131
1229,1221
1229,659
1229,1227
1229,1132
1229,1249
1229,492
1229,1223
1229,1064
1229,1176
1229,1247
1229,1133
1229,892
1229,1167
1229,935
1229,1199
1229,1156
1229,963
1229,921
1229,1095
1232,1231
1232,466
1233,1231
1233,476
1233,485
1233,478
1233,460
1233,466
1236,1232
1236,1231
1236,525
1236,460
1236,1233
1236,464
1236,492
1236,485
1236,466
1236,500
1236,493
1238,1236
1238,1232
1238,1277
1238,338
1238,485
1238,45
1238,1234
1238,557
1238,466
1238,382
1238,492
1238,507
1238,740
1238,532
1238,464
1238,493
1238,1233
1238,607
1238,1231
1238,1235
1238,33
1238,506
1238,1276
1238,659
1238,801
1240,784
1240,659
1240,466
1240,785
1240,9
1240,802
1240,1267
1240,1268
1240,738
1241,1231
1241,492
1241,466
1241,1233
1241,1236
1241,493
1252,460
1267,760
1268,557
1268,621
1268,460
1268,659
1268,466
1268,760
1269,501
1270,460
1273,379
1273,1270
1273,372
1273,1271
